fire.1.png,0
fire.10.png,0
fire.100.png,0
fire.101.png,0
fire.102.png,0
fire.103.png,0
fire.104.png,0
fire.105.png,0
fire.106.png,0
fire.107.png,0
fire.108.png,0
fire.109.png,0
fire.11.png,0
fire.110.png,0
fire.111.png,0
fire.112.png,0
fire.113.png,0
fire.114.png,0
fire.115.png,0
fire.116.png,0
fire.117.png,0
fire.118.png,0
fire.119.png,0
fire.12.png,0
fire.120.png,0
fire.121.png,0
fire.122.png,0
fire.123.png,0
fire.124.png,0
fire.125.png,0
fire.126.png,0
fire.127.png,0
fire.128.png,0
fire.129.png,0
fire.13.png,0
fire.130.png,0
fire.131.png,0
fire.132.png,0
fire.133.png,0
fire.134.png,0
fire.135.png,0
fire.136.png,0
fire.137.png,0
fire.138.png,0
fire.139.png,0
fire.14.png,0
fire.140.png,0
fire.141.png,0
fire.142.png,0
fire.143.png,0
fire.144.png,0
fire.145.png,0
fire.146.png,0
fire.147.png,0
fire.148.png,0
fire.149.png,0
fire.15.png,0
fire.150.png,0
fire.151.png,0
fire.152.png,0
fire.153.png,0
fire.154.png,0
fire.155.png,0
fire.156.png,0
fire.157.png,0
fire.158.png,0
fire.159.png,0
fire.16.png,0
fire.160.png,0
fire.161.png,0
fire.162.png,0
fire.163.png,0
fire.164.png,0
fire.165.png,0
fire.166.png,0
fire.167.png,0
fire.168.png,0
fire.169.png,0
fire.17.png,0
fire.170.png,0
fire.171.png,0
fire.172.png,0
fire.173.png,0
fire.174.png,0
fire.175.png,0
fire.176.png,0
fire.177.png,0
fire.178.png,0
fire.179.png,0
fire.18.png,0
fire.180.png,0
fire.181.png,0
fire.182.png,0
fire.183.png,0
fire.184.png,0
fire.185.png,0
fire.186.png,0
fire.187.png,0
fire.188.png,0
fire.189.png,0
fire.19.png,0
fire.190.png,0
fire.191.png,0
fire.192.png,0
fire.193.png,0
fire.194.png,0
fire.195.png,0
fire.196.png,0
fire.197.png,0
fire.198.png,0
fire.199.png,0
fire.2.png,0
fire.20.png,0
fire.200.png,0
fire.201.png,0
fire.202.png,0
fire.203.png,0
fire.204.png,0
fire.205.png,0
fire.206.png,0
fire.207.png,0
fire.208.png,0
fire.209.png,0
fire.21.png,0
fire.210.png,0
fire.211.png,0
fire.212.png,0
fire.213.png,0
fire.214.png,0
fire.215.png,0
fire.216.png,0
fire.217.png,0
fire.218.png,0
fire.219.png,0
fire.22.png,0
fire.220.png,0
fire.221.png,0
fire.222.png,0
fire.223.png,0
fire.224.png,0
fire.225.png,0
fire.226.png,0
fire.227.png,0
fire.228.png,0
fire.229.png,0
fire.23.png,0
fire.230.png,0
fire.231.png,0
fire.232.png,0
fire.233.png,0
fire.234.png,0
fire.235.png,0
fire.236.png,0
fire.237.png,0
fire.238.png,0
fire.239.png,0
fire.24.png,0
fire.240.png,0
fire.241.png,0
fire.242.png,0
fire.243.png,0
fire.244.png,0
fire.245.png,0
fire.246.png,0
fire.247.png,0
fire.248.png,0
fire.249.png,0
fire.25.png,0
fire.250.png,0
fire.251.png,0
fire.252.png,0
fire.253.png,0
fire.254.png,0
fire.255.png,0
fire.256.png,0
fire.257.png,0
fire.258.png,0
fire.259.png,0
fire.26.png,0
fire.260.png,0
fire.261.png,0
fire.262.png,0
fire.263.png,0
fire.264.png,0
fire.265.png,0
fire.266.png,0
fire.267.png,0
fire.268.png,0
fire.269.png,0
fire.27.png,0
fire.270.png,0
fire.271.png,0
fire.272.png,0
fire.273.png,0
fire.274.png,0
fire.275.png,0
fire.276.png,0
fire.277.png,0
fire.278.png,0
fire.279.png,0
fire.28.png,0
fire.280.png,0
fire.281.png,0
fire.282.png,0
fire.283.png,0
fire.284.png,0
fire.285.png,0
fire.286.png,0
fire.287.png,0
fire.288.png,0
fire.289.png,0
fire.29.png,0
fire.290.png,0
fire.291.png,0
fire.292.png,0
fire.293.png,0
fire.294.png,0
fire.295.png,0
fire.296.png,0
fire.297.png,0
fire.298.png,0
fire.299.png,0
fire.3.png,0
fire.30.png,0
fire.300.png,0
fire.301.png,0
fire.302.png,0
fire.303.png,0
fire.304.png,0
fire.305.png,0
fire.306.png,0
fire.307.png,0
fire.308.png,0
fire.309.png,0
fire.31.png,0
fire.310.png,0
fire.311.png,0
fire.312.png,0
fire.313.png,0
fire.314.png,0
fire.315.png,0
fire.316.png,0
fire.317.png,0
fire.318.png,0
fire.319.png,0
fire.32.png,0
fire.320.png,0
fire.321.png,0
fire.322.png,0
fire.323.png,0
fire.324.png,0
fire.325.png,0
fire.326.png,0
fire.327.png,0
fire.328.png,0
fire.329.png,0
fire.33.png,0
fire.330.png,0
fire.331.png,0
fire.332.png,0
fire.333.png,0
fire.334.png,0
fire.335.png,0
fire.336.png,0
fire.337.png,0
fire.338.png,0
fire.339.png,0
fire.34.png,0
fire.340.png,0
fire.341.png,0
fire.342.png,0
fire.343.png,0
fire.344.png,0
fire.345.png,0
fire.346.png,0
fire.347.png,0
fire.348.png,0
fire.349.png,0
fire.35.png,0
fire.350.png,0
fire.351.png,0
fire.352.png,0
fire.353.png,0
fire.354.png,0
fire.355.png,0
fire.356.png,0
fire.357.png,0
fire.358.png,0
fire.359.png,0
fire.36.png,0
fire.360.png,0
fire.361.png,0
fire.362.png,0
fire.363.png,0
fire.364.png,0
fire.365.png,0
fire.366.png,0
fire.367.png,0
fire.368.png,0
fire.369.png,0
fire.37.png,0
fire.370.png,0
fire.371.png,0
fire.372.png,0
fire.373.png,0
fire.374.png,0
fire.375.png,0
fire.376.png,0
fire.377.png,0
fire.378.png,0
fire.379.png,0
fire.38.png,0
fire.380.png,0
fire.381.png,0
fire.382.png,0
fire.383.png,0
fire.384.png,0
fire.385.png,0
fire.386.png,0
fire.387.png,0
fire.388.png,0
fire.389.png,0
fire.39.png,0
fire.390.png,0
fire.391.png,0
fire.392.png,0
fire.393.png,0
fire.394.png,0
fire.395.png,0
fire.396.png,0
fire.397.png,0
fire.398.png,0
fire.399.png,0
fire.4.png,0
fire.40.png,0
fire.400.png,0
fire.401.png,0
fire.402.png,0
fire.403.png,0
fire.404.png,0
fire.405.png,0
fire.406.png,0
fire.407.png,0
fire.408.png,0
fire.409.png,0
fire.41.png,0
fire.410.png,0
fire.411.png,0
fire.412.png,0
fire.413.png,0
fire.414.png,0
fire.415.png,0
fire.416.png,0
fire.417.png,0
fire.418.png,0
fire.419.png,0
fire.42.png,0
fire.420.png,0
fire.421.png,0
fire.422.png,0
fire.423.png,0
fire.424.png,0
fire.425.png,0
fire.426.png,0
fire.427.png,0
fire.428.png,0
fire.429.png,0
fire.43.png,0
fire.430.png,0
fire.431.png,0
fire.432.png,0
fire.433.png,0
fire.434.png,0
fire.435.png,0
fire.436.png,0
fire.437.png,0
fire.438.png,0
fire.439.png,0
fire.44.png,0
fire.440.png,0
fire.441.png,0
fire.442.png,0
fire.443.png,0
fire.444.png,0
fire.445.png,0
fire.446.png,0
fire.447.png,0
fire.448.png,0
fire.449.png,0
fire.45.png,0
fire.450.png,0
fire.451.png,0
fire.452.png,0
fire.453.png,0
fire.454.png,0
fire.455.png,0
fire.456.png,0
fire.457.png,0
fire.458.png,0
fire.459.png,0
fire.46.png,0
fire.460.png,0
fire.461.png,0
fire.462.png,0
fire.463.png,0
fire.464.png,0
fire.465.png,0
fire.466.png,0
fire.467.png,0
fire.468.png,0
fire.469.png,0
fire.47.png,0
fire.470.png,0
fire.471.png,0
fire.472.png,0
fire.473.png,0
fire.474.png,0
fire.475.png,0
fire.476.png,0
fire.477.png,0
fire.478.png,0
fire.479.png,0
fire.48.png,0
fire.480.png,0
fire.481.png,0
fire.482.png,0
fire.483.png,0
fire.484.png,0
fire.485.png,0
fire.486.png,0
fire.487.png,0
fire.488.png,0
fire.489.png,0
fire.49.png,0
fire.490.png,0
fire.491.png,0
fire.492.png,0
fire.493.png,0
fire.494.png,0
fire.495.png,0
fire.496.png,0
fire.497.png,0
fire.498.png,0
fire.499.png,0
fire.5.png,0
fire.50.png,0
fire.500.png,0
fire.501.png,0
fire.502.png,0
fire.503.png,0
fire.504.png,0
fire.505.png,0
fire.506.png,0
fire.507.png,0
fire.508.png,0
fire.509.png,0
fire.51.png,0
fire.510.png,0
fire.511.png,0
fire.512.png,0
fire.513.png,0
fire.514.png,0
fire.515.png,0
fire.516.png,0
fire.517.png,0
fire.518.png,0
fire.519.png,0
fire.52.png,0
fire.520.png,0
fire.521.png,0
fire.522.png,0
fire.523.png,0
fire.524.png,0
fire.525.png,0
fire.526.png,0
fire.527.png,0
fire.528.png,0
fire.529.png,0
fire.53.png,0
fire.530.png,0
fire.531.png,0
fire.532.png,0
fire.533.png,0
fire.534.png,0
fire.535.png,0
fire.536.png,0
fire.537.png,0
fire.538.png,0
fire.539.png,0
fire.54.png,0
fire.540.png,0
fire.541.png,0
fire.542.png,0
fire.543.png,0
fire.544.png,0
fire.545.png,0
fire.546.png,0
fire.547.png,0
fire.548.png,0
fire.549.png,0
fire.55.png,0
fire.550.png,0
fire.551.png,0
fire.552.png,0
fire.553.png,0
fire.554.png,0
fire.555.png,0
fire.556.png,0
fire.557.png,0
fire.558.png,0
fire.559.png,0
fire.56.png,0
fire.560.png,0
fire.561.png,0
fire.562.png,0
fire.563.png,0
fire.564.png,0
fire.565.png,0
fire.566.png,0
fire.567.png,0
fire.568.png,0
fire.569.png,0
fire.57.png,0
fire.570.png,0
fire.571.png,0
fire.572.png,0
fire.573.png,0
fire.574.png,0
fire.575.png,0
fire.576.png,0
fire.577.png,0
fire.578.png,0
fire.579.png,0
fire.58.png,0
fire.580.png,0
fire.581.png,0
fire.582.png,0
fire.583.png,0
fire.584.png,0
fire.585.png,0
fire.586.png,0
fire.587.png,0
fire.588.png,0
fire.589.png,0
fire.59.png,0
fire.590.png,0
fire.591.png,0
fire.592.png,0
fire.593.png,0
fire.594.png,0
fire.595.png,0
fire.596.png,0
fire.597.png,0
fire.598.png,0
fire.599.png,0
fire.6.png,0
fire.60.png,0
fire.600.png,0
fire.601.png,0
fire.602.png,0
fire.603.png,0
fire.604.png,0
fire.605.png,0
fire.606.png,0
fire.607.png,0
fire.608.png,0
fire.609.png,0
fire.61.png,0
fire.610.png,0
fire.611.png,0
fire.612.png,0
fire.613.png,0
fire.614.png,0
fire.615.png,0
fire.616.png,0
fire.617.png,0
fire.618.png,0
fire.619.png,0
fire.62.png,0
fire.620.png,0
fire.621.png,0
fire.622.png,0
fire.623.png,0
fire.624.png,0
fire.625.png,0
fire.626.png,0
fire.627.png,0
fire.628.png,0
fire.629.png,0
fire.63.png,0
fire.630.png,0
fire.631.png,0
fire.632.png,0
fire.633.png,0
fire.634.png,0
fire.635.png,0
fire.636.png,0
fire.637.png,0
fire.638.png,0
fire.639.png,0
fire.64.png,0
fire.640.png,0
fire.641.png,0
fire.642.png,0
fire.643.png,0
fire.644.png,0
fire.645.png,0
fire.646.png,0
fire.647.png,0
fire.648.png,0
fire.649.png,0
fire.65.png,0
fire.650.png,0
fire.651.png,0
fire.652.png,0
fire.653.png,0
fire.654.png,0
fire.655.png,0
fire.656.png,0
fire.657.png,0
fire.658.png,0
fire.659.png,0
fire.66.png,0
fire.660.png,0
fire.661.png,0
fire.662.png,0
fire.663.png,0
fire.664.png,0
fire.665.png,0
fire.666.png,0
fire.667.png,0
fire.668.png,0
fire.669.png,0
fire.67.png,0
fire.670.png,0
fire.671.png,0
fire.672.png,0
fire.673.png,0
fire.674.png,0
fire.675.png,0
fire.676.png,0
fire.677.png,0
fire.678.png,0
fire.679.png,0
fire.68.png,0
fire.680.png,0
fire.681.png,0
fire.682.png,0
fire.683.png,0
fire.684.png,0
fire.685.png,0
fire.686.png,0
fire.687.png,0
fire.688.png,0
fire.689.png,0
fire.69.png,0
fire.690.png,0
fire.691.png,0
fire.692.png,0
fire.693.png,0
fire.694.png,0
fire.695.png,0
fire.696.png,0
fire.697.png,0
fire.698.png,0
fire.699.png,0
fire.7.png,0
fire.70.png,0
fire.700.png,0
fire.701.png,0
fire.702.png,0
fire.703.png,0
fire.704.png,0
fire.705.png,0
fire.706.png,0
fire.707.png,0
fire.708.png,0
fire.709.png,0
fire.71.png,0
fire.710.png,0
fire.711.png,0
fire.712.png,0
fire.713.png,0
fire.714.png,0
fire.715.png,0
fire.716.png,0
fire.717.png,0
fire.718.png,0
fire.719.png,0
fire.72.png,0
fire.720.png,0
fire.721.png,0
fire.722.png,0
fire.723.png,0
fire.724.png,0
fire.725.png,0
fire.726.png,0
fire.727.png,0
fire.728.png,0
fire.729.png,0
fire.73.png,0
fire.730.png,0
fire.731.png,0
fire.732.png,0
fire.733.png,0
fire.734.png,0
fire.735.png,0
fire.736.png,0
fire.737.png,0
fire.738.png,0
fire.739.png,0
fire.74.png,0
fire.740.png,0
fire.741.png,0
fire.742.png,0
fire.743.png,0
fire.744.png,0
fire.745.png,0
fire.746.png,0
fire.747.png,0
fire.748.png,0
fire.749.png,0
fire.75.png,0
fire.750.png,0
fire.751.png,0
fire.752.png,0
fire.753.png,0
fire.754.png,0
fire.755.png,0
fire.76.png,0
fire.77.png,0
fire.78.png,0
fire.79.png,0
fire.8.png,0
fire.80.png,0
fire.81.png,0
fire.82.png,0
fire.83.png,0
fire.84.png,0
fire.85.png,0
fire.86.png,0
fire.87.png,0
fire.88.png,0
fire.89.png,0
fire.9.png,0
fire.90.png,0
fire.91.png,0
fire.92.png,0
fire.93.png,0
fire.94.png,0
fire.95.png,0
fire.96.png,0
fire.97.png,0
fire.98.png,0
fire.99.png,0
mycsv.csv,0
non_fire.1.png,1
non_fire.10.png,1
non_fire.100.png,1
non_fire.101.png,1
non_fire.102.png,1
non_fire.103.png,1
non_fire.104.png,1
non_fire.105.png,1
non_fire.106.png,1
non_fire.107.png,1
non_fire.108.png,1
non_fire.109.png,1
non_fire.11.png,1
non_fire.110.png,1
non_fire.111.png,1
non_fire.112.png,1
non_fire.113.png,1
non_fire.114.png,1
non_fire.115.png,1
non_fire.116.png,1
non_fire.117.png,1
non_fire.118.png,1
non_fire.119.png,1
non_fire.12.png,1
non_fire.120.png,1
non_fire.121.png,1
non_fire.122.png,1
non_fire.123.png,1
non_fire.124.png,1
non_fire.125.png,1
non_fire.126.png,1
non_fire.127.png,1
non_fire.128.png,1
non_fire.129.png,1
non_fire.13.png,1
non_fire.130.png,1
non_fire.131.png,1
non_fire.132.png,1
non_fire.133.png,1
non_fire.134.png,1
non_fire.135.png,1
non_fire.136.png,1
non_fire.137.png,1
non_fire.138.png,1
non_fire.139.png,1
non_fire.14.png,1
non_fire.140.png,1
non_fire.141.png,1
non_fire.142.png,1
non_fire.143.png,1
non_fire.144.png,1
non_fire.145.png,1
non_fire.146.png,1
non_fire.147.png,1
non_fire.148.png,1
non_fire.149.png,1
non_fire.15.png,1
non_fire.150.png,1
non_fire.151.png,1
non_fire.152.png,1
non_fire.153.png,1
non_fire.154.png,1
non_fire.155.png,1
non_fire.156.png,1
non_fire.157.png,1
non_fire.158.png,1
non_fire.159.png,1
non_fire.16.png,1
non_fire.160.png,1
non_fire.161.png,1
non_fire.162.png,1
non_fire.163.png,1
non_fire.164.png,1
non_fire.165.png,1
non_fire.166.png,1
non_fire.167.png,1
non_fire.168.png,1
non_fire.169.png,1
non_fire.17.png,1
non_fire.170.png,1
non_fire.171.png,1
non_fire.172.png,1
non_fire.173.png,1
non_fire.174.png,1
non_fire.175.png,1
non_fire.176.png,1
non_fire.177.png,1
non_fire.178.png,1
non_fire.179.png,1
non_fire.18.png,1
non_fire.180.png,1
non_fire.181.png,1
non_fire.182.png,1
non_fire.183.png,1
non_fire.184.png,1
non_fire.185.png,1
non_fire.186.png,1
non_fire.187.png,1
non_fire.188.png,1
non_fire.189.png,1
non_fire.19.png,1
non_fire.190.png,1
non_fire.191.png,1
non_fire.192.png,1
non_fire.193.png,1
non_fire.194.png,1
non_fire.195.png,1
non_fire.196.png,1
non_fire.197.png,1
non_fire.198.png,1
non_fire.199.png,1
non_fire.2.png,1
non_fire.20.png,1
non_fire.200.png,1
non_fire.201.png,1
non_fire.202.png,1
non_fire.203.png,1
non_fire.204.png,1
non_fire.205.png,1
non_fire.206.png,1
non_fire.207.png,1
non_fire.208.png,1
non_fire.209.png,1
non_fire.21.png,1
non_fire.210.png,1
non_fire.211.png,1
non_fire.212.png,1
non_fire.213.png,1
non_fire.214.png,1
non_fire.215.png,1
non_fire.216.png,1
non_fire.217.png,1
non_fire.218.png,1
non_fire.219.png,1
non_fire.22.png,1
non_fire.220.png,1
non_fire.221.png,1
non_fire.222.png,1
non_fire.223.png,1
non_fire.224.png,1
non_fire.225.png,1
non_fire.226.png,1
non_fire.227.png,1
non_fire.228.png,1
non_fire.229.png,1
non_fire.23.png,1
non_fire.230.png,1
non_fire.231.png,1
non_fire.232.png,1
non_fire.233.png,1
non_fire.234.png,1
non_fire.235.png,1
non_fire.236.png,1
non_fire.237.png,1
non_fire.238.png,1
non_fire.239.png,1
non_fire.24.png,1
non_fire.240.png,1
non_fire.241.png,1
non_fire.242.png,1
non_fire.243.png,1
non_fire.244.png,1
non_fire.25.png,1
non_fire.26.png,1
non_fire.27.png,1
non_fire.28.png,1
non_fire.29.png,1
non_fire.3.png,1
non_fire.30.png,1
non_fire.31.png,1
non_fire.32.png,1
non_fire.33.png,1
non_fire.34.png,1
non_fire.35.png,1
non_fire.36.png,1
non_fire.37.png,1
non_fire.38.png,1
non_fire.39.png,1
non_fire.4.png,1
non_fire.40.png,1
non_fire.41.png,1
non_fire.42.png,1
non_fire.43.png,1
non_fire.44.png,1
non_fire.45.png,1
non_fire.46.png,1
non_fire.47.png,1
non_fire.48.png,1
non_fire.49.png,1
non_fire.5.png,1
non_fire.50.png,1
non_fire.51.png,1
non_fire.52.png,1
non_fire.53.png,1
non_fire.54.png,1
non_fire.55.png,1
non_fire.56.png,1
non_fire.57.png,1
non_fire.58.png,1
non_fire.59.png,1
non_fire.6.png,1
non_fire.60.png,1
non_fire.61.png,1
non_fire.62.png,1
non_fire.63.png,1
non_fire.64.png,1
non_fire.65.png,1
non_fire.66.png,1
non_fire.67.png,1
non_fire.68.png,1
non_fire.69.png,1
non_fire.7.png,1
non_fire.70.png,1
non_fire.71.png,1
non_fire.72.png,1
non_fire.73.png,1
non_fire.74.png,1
non_fire.75.png,1
non_fire.76.png,1
non_fire.77.png,1
non_fire.78.png,1
non_fire.79.png,1
non_fire.8.png,1
non_fire.80.png,1
non_fire.81.png,1
non_fire.82.png,1
non_fire.83.png,1
non_fire.84.png,1
non_fire.85.png,1
non_fire.86.png,1
non_fire.87.png,1
non_fire.88.png,1
non_fire.89.png,1
non_fire.9.png,1
non_fire.90.png,1
non_fire.91.png,1
non_fire.92.png,1
non_fire.93.png,1
non_fire.94.png,1
non_fire.95.png,1
non_fire.96.png,1
non_fire.97.png,1
non_fire.98.png,1
non_fire.99.png,1
